no,source_type,publisher,title,url
1,AMC,HDFC Mutual Fund,HDFC Large Cap Fund (formerly HDFC Top 100 Fund) - Regular Plan,https://www.hdfcfund.com/product-solutions/overview/hdfc-top-100-fund/regular
2,AMC,HDFC Mutual Fund,HDFC Large Cap Fund (formerly HDFC Top 100 Fund) - Direct Plan,https://www.hdfcfund.com/product-solutions/overview/hdfc-top-100-fund/direct
3,AMC,HDFC Mutual Fund,HDFC Flexi Cap Fund - Regular Plan,https://www.hdfcfund.com/explore/mutual-funds/hdfc-flexi-cap-fund/regular
4,AMC,HDFC Mutual Fund,HDFC Flexi Cap Fund - Direct Plan,https://www.hdfcfund.com/explore/mutual-funds/hdfc-flexi-cap-fund/direct
5,AMC,HDFC Mutual Fund,HDFC ELSS Tax Saver - Regular Plan,https://www.hdfcfund.com/explore/mutual-funds/hdfc-elss-tax-saver/regular
6,AMC,HDFC Mutual Fund,HDFC ELSS Tax Saver - Direct Plan,https://www.hdfcfund.com/explore/mutual-funds/hdfc-elss-tax-saver/direct
7,AMC,HDFC Mutual Fund,HDFC Mid Cap Fund (formerly HDFC Mid-Cap Opportunities Fund) - Regular Plan,https://www.hdfcfund.com/explore/mutual-funds/hdfc-mid-cap-fund/regular
8,AMC,HDFC Mutual Fund,HDFC Mid Cap Fund (formerly HDFC Mid-Cap Opportunities Fund) - Direct Plan,https://www.hdfcfund.com/explore/mutual-funds/hdfc-mid-cap-fund/direct
9,AMC,HDFC Mutual Fund,SID - HDFC Flexi Cap Fund (Scheme Information Document),https://files.hdfcfund.com/s3fs-public/SID/2025-05/SID%20-%20HDFC%20Flexi%20Cap%20Fund%20dated%20May%2030,%202025.pdf
10,AMC,HDFC Mutual Fund,SID - HDFC ELSS Tax Saver Fund (Scheme Information Document),https://files.hdfcfund.com/s3fs-public/SID/2024-11/SID%20-%20HDFC%20ELSS%20Tax%20Saver%20Fund%20dated%20November%2021,%202024.pdf
11,AMC,HDFC Mutual Fund,KIM - HDFC Mid-Cap Opportunities Fund (Key Information Memorandum),https://files.hdfcfund.com/s3fs-public/KIM/2024-11/KIM%20-%20HDFC%20Mid-Cap%20Opportunities%20Fund%20dated%20November%2021,%202024.pdf
12,AMC,HDFC Mutual Fund,Scheme Summary Document - HDFC Top 100 Fund,https://files.hdfcfund.com/s3fs-public/2023-06/HDFC%20Top%20100%20Fund.pdf
13,AMC,HDFC Mutual Fund,Total Expense Ratio of Mutual Fund Schemes - Notices,https://www.hdfcfund.com/statutory-disclosure/total-expense-ratio-of-mutual-fund-schemes/notices
14,AMC,HDFC Mutual Fund,Total Expense Ratio of Mutual Fund Schemes - Reports,https://www.hdfcfund.com/statutory-disclosure/total-expense-ratio-of-mutual-fund-schemes/reports
15,AMC,HDFC Mutual Fund,Download Consolidated Account Statement (CAS),https://www.hdfcfund.com/services/consolidated-account-statement
16,AMC,HDFC Mutual Fund,How to get a Capital Gain Statement for Mutual Fund schemes,https://www.hdfcfund.com/learn/blog/how-get-capital-gain-statement-mutual-fund-schemes-india
17,AMC,HDFC Mutual Fund,Investor Services - KYC, Statements & Forms,https://www.hdfcfund.com/investor-services
18,AMFI,Association of Mutual Funds in India,Knowledge Center - Expense Ratio (TER),https://www.amfiindia.com/investor/knowledge-center-info?zoneName=expenseRatio
19,AMFI,Association of Mutual Funds in India,Investor Corner,https://www.amfiindia.com/investor
20,SEBI,Securities and Exchange Board of India,SEBI Investor - Understanding the Riskometer,https://investor.sebi.gov.in/riskometer.html
21,SEBI,Securities and Exchange Board of India,SEBI Investor - A Guide to ELSS (Equity-Linked Savings Scheme),https://investor.sebi.gov.in/elss.html
22,SEBI,Securities and Exchange Board of India,Total Expense Ratio (TER) and Performance Disclosure for Mutual Funds (Circular),https://www.sebi.gov.in/legal/circulars/oct-2018/total-expense-ratio-ter-and-performance-disclosure-for-mutual-funds_40766.html
